<!--<?xml version="1.0" encoding="UTF-8"?>-->
<!--<beans xmlns="http://www.springframework.org/schema/beans"-->
<!--	xmlns:xsi="http://www.w3.org/2001/XMLSchema-instance" -->
<!--  xmlns:aop="http://www.springframework.org/schema/aop"-->
<!--	xmlns:context="http://www.springframework.org/schema/context"-->
<!--	xmlns:tx="http://www.springframework.org/schema/tx"-->
<!--	xsi:schemaLocation="http://www.springframework.org/schema/beans http://www.springframework.org/schema/beans/spring-beans.xsd-->
<!--        http://www.springframework.org/schema/aop http://www.springframework.org/schema/aop/spring-aop.xsd-->
<!--        http://www.springframework.org/schema/context http://www.springframework.org/schema/context/spring-context.xsd-->
<!--        http://www.springframework.org/schema/jee http://www.springframework.org/schema/jee/spring-jee.xsd-->
<!--        http://www.springframework.org/schema/lang http://www.springframework.org/schema/lang/spring-lang.xsd-->
<!--        http://www.springframework.org/schema/tx http://www.springframework.org/schema/tx/spring-tx.xsd-->
<!--        http://www.springframework.org/schema/util http://www.springframework.org/schema/util/spring-util.xsd-->
<!--        http://www.springframework.org/schema/data/mongo http://www.springframework.org/schema/data/mongo/spring-mongo-1.1.xsd-->
<!--        http://ehcache-spring-annotations.googlecode.com/svn/schema/ehcache-spring-->
<!--        http://ehcache-spring-annotations.googlecode.com/svn/schema/ehcache-spring/ehcache-spring-1.1.xsd-->
<!--        http://www.springframework.org/schema/task-->
<!--        http://www.springframework.org/schema/task/spring-task-3.0.xsd-->
<!--    	http://www.springframework.org/schema/tx-->
<!--    	http://www.springframework.org/schema/tx/spring-tx-3.0.xsd">-->

<!--	<context:annotation-config />-->

<!--	<context:component-scan base-package="com.javaex">-->
<!--		<context:include-filter type="annotation" expression="org.springframework.stereotype.Repository" />-->
<!--		<context:include-filter type="annotation" expression="org.springframework.stereotype.Service" />-->
<!--		<context:include-filter type="annotation" expression="org.springframework.stereotype.Component" />-->
<!--	</context:component-scan>-->

<!--	&lt;!&ndash; oracle datasource &ndash;&gt;-->
<!--	<bean id="oracleDatasource" class="oracle.jdbc.pool.OracleDataSource"-->
<!--		destroy-method="close">-->
<!--		<property name="URL" value="jdbc:oracle:thin:@localhost:1521:xe" />-->
<!--		<property name="user" value="jblog" />-->
<!--		<property name="password" value="jblog" />-->
<!--		<property name="connectionCachingEnabled" value="true" />-->
<!--		<qualifier value="main-db" />-->
<!--	</bean>-->


<!--	&lt;!&ndash; MyBatis SqlSessionFactoryBean &ndash;&gt;-->
<!--	<bean id="sqlSessionFactory" class="org.mybatis.spring.SqlSessionFactoryBean">-->
<!--		<property name="dataSource" ref="oracleDatasource" />-->
<!--		<property name="configLocation" value="classpath:mybatis/configuration.xml" />-->
<!--	</bean>-->

<!--	&lt;!&ndash; MyBatis SqlSessionTemplate &ndash;&gt;-->
<!--	<bean id="sqlSession" class="org.mybatis.spring.SqlSessionTemplate">-->
<!--		<constructor-arg index="0" ref="sqlSessionFactory" />-->
<!--	</bean>-->


<!--	&lt;!&ndash; transactionManager &ndash;&gt;-->
<!--	<bean id="transactionManager" class="org.springframework.jdbc.datasource.DataSourceTransactionManager">-->
<!--		<property name="dataSource" ref="oracleDatasource"></property>-->
<!--	</bean>-->

<!-- 	<tx:annotation-driven transaction-manager="transactionManager"/>-->


<!--</beans>-->