<!--<?xml version="1.0" encoding="UTF-8"?>-->
<!--<beans xmlns:xsi="http://www.w3.org/2001/XMLSchema-instance"-->
<!--	xmlns:aop="http://www.springframework.org/schema/aop" -->
<!--  xmlns="http://www.springframework.org/schema/beans"-->
<!--	xmlns:p="http://www.springframework.org/schema/p" -->
<!--  xmlns:context="http://www.springframework.org/schema/context"-->
<!--	xsi:schemaLocation="http://www.springframework.org/schema/mvc http://www.springframework.org/schema/mvc/spring-mvc-3.1.xsd-->
<!--	http://www.springframework.org/schema/aop http://www.springframework.org/schema/aop/spring-aop.xsd-->
<!--	http://www.springframework.org/schema/beans http://www.springframework.org/schema/beans/spring-beans-3.1.xsd-->
<!--	http://www.springframework.org/schema/context http://www.springframework.org/schema/context/spring-context-3.1.xsd"-->
<!--	xmlns:mvc="http://www.springframework.org/schema/mvc">-->

<!--	&lt;!&ndash; annotation 설정을 하겠다. &ndash;&gt;-->
<!--	<context:annotation-config />-->

<!--	&lt;!&ndash; com.guestbook.controller 패키지 밑에 있는 클래스 중에 @Controller를 달고 있는 클래스의 객체를 생성 하겠다. (new 하겠다) &ndash;&gt;-->
<!--	<context:component-scan base-package="com.javaex.controller, com.javaex.api.controller" />-->

<!--	&lt;!&ndash; 기본 뷰 리졸버 &ndash;&gt;-->
<!--	<bean id="viewResolver" class="org.springframework.web.servlet.view.InternalResourceViewResolver">-->
<!--		<property name="viewClass" value="org.springframework.web.servlet.view.JstlView" />-->
<!--		<property name="prefix" value="/WEB-INF/views/" />-->
<!--		<property name="suffix" value=".jsp" />-->
<!--		<property name="order" value="1" />-->
<!--	</bean>-->
<!--  -->

<!--	&lt;!&ndash; 서블릿 컨테이너의 디폴트 서블릿 위임 핸들러 &ndash;&gt;-->
<!--	<mvc:default-servlet-handler />-->
<!--	<mvc:annotation-driven>-->
<!--		<mvc:message-converters>-->
<!--			<bean class="org.springframework.http.converter.json.MappingJackson2HttpMessageConverter">-->
<!--				<property name="supportedMediaTypes">-->
<!--					<list>-->
<!--						<value>application/json; charset=UTF-8</value>-->
<!--					</list>-->
<!--				</property>-->
<!--			</bean>-->
<!--		</mvc:message-converters>-->
<!--	</mvc:annotation-driven>-->


<!--	&lt;!&ndash; 멀티파트 리졸버 &ndash;&gt;-->
<!--	<bean id="multipartResolver" class="org.springframework.web.multipart.commons.CommonsMultipartResolver">-->
<!--		&lt;!&ndash; 최대업로드 가능한 바이트크기 &ndash;&gt;-->
<!--		<property name="maxUploadSize" value="52428800" />-->
<!--		&lt;!&ndash; 디스크에 임시 파일을 생성하기 전에 메모리에 보관할수있는 최대 바이트 크기 &ndash;&gt;-->
<!--		<property name="maxInMemorySize" value="52428800" />-->
<!--		&lt;!&ndash; defaultEncoding &ndash;&gt;-->
<!--		<property name="defaultEncoding" value="utf-8" />-->
<!--	</bean>-->

<!--	&lt;!&ndash; url매핑&ndash;&gt;-->
<!--	&lt;!&ndash; <mvc:resources mapping="/upload/**" location="file:D:/javaStudy/upload/" /> &ndash;&gt;-->
<!--  <mvc:resources mapping="/upload/**" location="file:/Users/jeongjonguk/eclipse-workspace/jblog/src/main/resources/upload/" />-->


<!--</beans>-->